{
  "masa": true,
  "tomate": true,
  "mozzarella": true,
  "albahaca": true,
  "aceite de oliva": true,
  "láminas de pasta": true,
  "salsa boloñesa": true,
  "bechamel": true,
  "queso parmesano": true,
  "carne molida": true,
  "spaghetti": true,
  "arroz arborio": true,
  "setas": true,
  "caldo": true,
  "vino blanco": true,
  "pan": true,
  "ajo": true,
  "mascarpone": true,
  "café": true,
  "huevo": true,
  "azúcar": true,
  "cacao": true,
  "parmesano": true
}