{
  "usuarios": {
    "n": {
      "platos_gustan": [],
      "platos_no_gustan": [],
      "ingredientes_gustan": [],
      "alergias": [],
      "restricciones": [],
      "ingredientes_no_gustan": []
    },
    "cc": {
      "platos_gustan": [],
      "platos_no_gustan": [],
      "ingredientes_gustan": [],
      "alergias": [],
      "restricciones": [],
      "ingredientes_no_gustan": []
    },
    "o": {
      "platos_gustan": [],
      "platos_no_gustan": [],
      "ingredientes_gustan": [
        "vino blanco",
        "tomate"
      ],
      "alergias": [],
      "restricciones": [],
      "ingredientes_no_gustan": []
    }
  }
}